"Gioco","Piattaforma","VotoMetacritic","UserScore","Genre","Players"
A BOY AND HIS BLOB,PS4,66,63,Action,No Online Multiplayer
ABZÛ,PS4,78,76,Fantasy,No Online Multiplayer
ACES OF THE LUFTWAFFE,PS4,-1,40,General,N/A
ACT IT OUT! A GAME OF CHARADES,PS4,-1,-1,Miscellaneous,N/A
ACTION HENK,PS4,73,52,Action,N/A
ADVENTURE TIME: PIRATES OF THE ENCHIRIDION,PS4,62,62,Action Adventure,No Online Multiplayer
AGATHA CHRISTIE - THE ABC MURDERS,PS4,67,59,Adventure,N/A
AIR CONFLICTS VIETNAM ULTIMATE EDITION,PS4,-1,-1,Simulation,N/A
AIR CONFLICTS: PACIFIC CARRIERS,PS4,-1,46,Simulation,Up to 8 
ALCHEMIC JOUSTS,PS4,65,63,Strategy,2 
ALIENATION,PS4,79,78,Sci-Fi,Up to 4 
AMAZING DISCOVERIES IN OUTER SPACE,PS4,71,57,Action,N/A
ANOMALY 2,PS4,74,69,Strategy,N/A
ANODYNE,PS4,-1,-1,Adventure,No Online Multiplayer
APE ESCAPE 2,PS2,82,82,Action,1 Player
ARAGAMI,PS4,71,71,Action Adventure,2 
ARC THE LAD: TWILIGHT OF THE SPIRITS,PS2,72,84,Role-Playing,1 Player
ASSAULT SUIT LEYNOS,PS4,67,69,Action,N/A
ASSETTO CORSA,PS4,73,60,Racing,Up to 16 
ATARI FLASHBACK CLASSICS VOL 1,PS4,70,67,Miscellaneous,Up to 4 
ATARI FLASHBACK CLASSICS VOL. 2,PS4,68,64,Miscellaneous,Up to 4 
ALEX KIDD IN THE MIRACLE WORLD,PS3,-1,74,Action,N/A
ALIEN RAGE,PS3,-1,77,Action,N/A
ALIEN SPIDY,PS3,-1,-1,Action,N/A
ALTERED BEAST,PS3,-1,-1,Action,2 
ANARCHY: RUSH HOUR,PS3,59,46,Driving,N/A
ANNA EXTENDED EDITION,PS3,-1,25,Adventure,N/A
ANOMALY WARZONE EARTH,PS3,78,70,Action,N/A
AQUA PANIC!,PS3,-1,-1,Miscellaneous,N/A
AR NOSURGE: ODE TO AN UNBORN STAR,PS3,67,78,Role-Playing,No Online Multiplayer
ARCANA HEART 3,PS3,73,68,Action,Up to 6 
ARCANIA THE COMPLETE TALE,PS3,42,46,PC-style RPG,No Online Multiplayer
ARMAGEDDON RIDERS,PS3,62,63,Driving,N/A
ASURA'S WRATH,PS3,71,74,Action Adventure,1 Player
ATELIER AYESHA: THE ALCHEMIST OF DUSK,PS3,70,77,Role-Playing,No Online Multiplayer
ATELIER ESCHA & LOGY - ALCHEMISTS OF THE DUST SKY,PS3,79,83,General,No Online Multiplayer
ATELIER RORONA PLUS: THE ALCHEMIST OF ARLAND,PS3,80,79,Role-Playing,No Online Multiplayer
ATELIER SHALLIE - ALCHEMISTS OF THE DUSK SEA,PS3,76,77,Role-Playing,No Online Multiplayer
BACK TO BED,PS4,62,52,Action,N/A
BAJA: EDGE OF CONTROL HD,PS4,65,63,Racing,Up to 16 
BARD'S GOLD,PS4,64,73,Action,N/A
BASEBALL RIOT,PS4,-1,-1,Puzzle,N/A
BATMAN - THE TELLTALE SERIES - EPISODE 1: REALM OF SHADOWS,PS4,70,64,Adventure,N/A
BATTALION COMMANDER,PS4,-1,-1,Action,N/A
BATTLE CHASERS: NIGHTWAR,PS4,75,67,Role-Playing,No Online Multiplayer
BATTLE WORLDS KRONOS,PS4,62,60,Strategy,N/A
BATTLEBORN,PS4,68,68,Sci-Fi,Up to 10 
BEN 10,PS4,56,58,Action,No Online Multiplayer
BEYOND: TWO SOULS,PS4,72,80,Adventure,No Online Multiplayer
BINARIES,PS4,71,-1,Action,N/A
BLACK MIRROR,PS4,54,57,Adventure,No Online Multiplayer
BLAST 'EM BUNNIES,PS4,-1,-1,Action,N/A
BLAZBLUE CHRONOPHANTASMA EXTEND,PS4,80,76,Action,Up to 64 
BLOOD BOWL 2,PS4,72,70,Sports,2 
BLOODBORNE,PS4,92,89,Fantasy,Up to 5 
BOKOSUKA WARS II,PS4,-1,-1,Strategy,N/A
BORDERLANDS: THE HANDSOME COLLECTION,PS4,82,78,Miscellaneous,Up to 4 
BOUND,PS4,71,70,Action,N/A
BOUND BY FLAME,PS4,53,58,Role-Playing,No Online Multiplayer
BRAWLOUT,PS4,61,57,Beat-'Em-Up,2 
BROKEN AGE,PS4,81,72,Third-Person,No Online Multiplayer
BROTHERS: A TALE OF TWO SONS,PS4,81,80,Action Adventure,N/A
BRUT@L,PS4,67,60,Action Adventure,N/A
BUBSY: THE WOOLIES STRIKE BACK,PS4,45,58,Action,No Online Multiplayer
BATMAN: ARKHAM ASYLUM GAME OF THE YEAR,PS3,91,88,Action Adventure,No Online Multiplayer
BATMAN: ARKHAM CITY,PS3,96,87,Action Adventure,No Online Multiplayer
BATMAN: ARKHAM ORIGINS,PS3,76,78,Action Adventure,No Online Multiplayer
BATTLE PRINCESS OF ARCADIAS,PS3,69,79,Role-Playing,N/A
BATTLE VS CHESS,PS3,-1,-1,Miscellaneous,2 
BATTLEFIELD 4,PS3,80,59,Action,Up to 22 
BATTLEFIELD™ HARDLINE,PS3,-1,54,Modern,Up to 24 
BENTLEY'S HACKPACK,PS3,-1,74,Miscellaneous,N/A
BIG SKY:INFINITY,PS3,-1,53,Action,N/A
BIONIC COMMANDO REARMED,PS3,87,79,Action,4  Online
BIONIC COMMANDO REARMED 2,PS3,63,51,Action,1 Player
BIOSHOCK,PS3,94,88,Action,No Online Multiplayer
BIOSHOCK 2,PS3,88,82,Action,Up to 10 
BIOSHOCK INFINITE,PS3,94,85,Action,No Online Multiplayer
BLACK KNIGHT SWORD,PS3,66,66,Action,N/A
BLADESTORM - NIGHTMARE,PS3,-1,76,Action,2 
BLADESTORM: THE HUNDRED YEARS' WAR,PS3,58,79,Action,No Online Multiplayer
BLAZBLUE CALAMITY TRIGGER,PS3,87,85,Action,Up to 6 
BLAZBLUE CHRONOPHANTASMA,PS3,83,82,Fighting,Up to 8 
BLAZBLUE CONTINUUM SHIFT,PS3,87,81,Action,N/A
BLAZBLUE CONTINUUM SHIFT EXTEND,PS3,73,75,Action,N/A
BLAZERUSH,PS3,70,82,Driving,Up to 8 
BLOOD KNIGHTS,PS3,-1,47,Role-Playing,N/A
BLOODRAYNE BETRAYAL,PS3,69,63,Action,N/A
BODYCOUNT,PS3,50,40,Action,Up to 12 
BOLT,PS3,59,59,Adventure,1 Player
BOMBERMAN ULTRA,PS3,81,77,Miscellaneous,8  Online
BORDERLANDS 2 ULTIMATE EDITION,PS3,91,82,Action,Up to 4 
BORDERLANDS GAME OF THE YEAR EDITION,PS3,83,78,Action,Up to 4 
BORDERLANDS: THE PRE-SEQUEL ULTIMATE EDITION,PS3,77,63,Action,Up to 4 
BRAID,PS3,93,77,Action,1 Player
BRINK,PS3,72,58,Action,Up to 16 
CARMAGEDDON: MAX DAMAGE,PS4,51,57,Racing,Up to 6 
CASTLE INVASION: THRONE OUT,PS4,-1,-1,Strategy,N/A
CASTLESTORM DEFINITIVE EDITION,PS4,74,61,Strategy,2 
CHESS ULTRA,PS4,-1,60,Miscellaneous,Up to 6 
CHRONICLES OF TEDDY: HARMONY OF EXIDUS,PS4,79,69,Role-Playing,N/A
CITIES: SKYLINES,PS4,81,74,Strategy,No Online Multiplayer
CLOCKWORK TALES: OF GLASS AND INK,PS4,-1,54,Puzzle,N/A
CLOUDS & SHEEP 2,PS4,-1,-1,Simulation,No Online Multiplayer
CONTROL,PS4,82,73,Action Adventure,No Online Multiplayer
COSTUME QUEST 2,PS4,74,67,Role-Playing,N/A
COUNTERSPY,PS4,67,67,Action,N/A
CRIMSONLAND,PS4,64,62,Action,N/A
CROIXLEUR SIGMA,PS4,71,65,Action,No Online Multiplayer
CAPCOM ARCADE CABINET,PS3,69,50,Miscellaneous,N/A
CARS MATER-NATIONAL,PS3,63,65,Driving,No Online Multiplayer
CARS RACE-O-RAMA,PS3,61,68,Driving,N/A
CASTLEVANIA: HARMONY OF DISPAIR,PS3,68,73,Action Adventure,Up to 6 
CASTLEVANIA LORDS OF SHADOW,PS3,85,81,Action Adventure,No Online Multiplayer
CASTLEVANIA: LORDS OF SHADOW 2,PS3,63,78,Fantasy,No Online Multiplayer
CASTLEVANIA: LORDS OF SHADOW - MIRROR OF FATE HD,PS3,70,72,Action Adventure,1 Player
CATHERINE,PS3,79,82,Action Adventure,No Online Multiplayer
CEL DAMAGE HD,PS3,-1,43,Simulation,N/A
CHAMPION JOCKEY: G1 JOCKEY & GALLOP RACER,PS3,48,-1,Sports,Up to 4 
CRASH COMMANDO,PS3,78,80,Action,12  Online
CRAZY TAXI,PS3,60,73,Driving,N/A
CRITTER CRUNCH,PS3,87,74,Miscellaneous,2 
CUBOID,PS3,79,76,Miscellaneous,1 Player
DANDARA,PS4,-1,67,Action,No Online Multiplayer
DANGEROUS GOLF,PS4,56,49,Sports,Up to 8 
DANGER ZONE,PS4,64,65,Racing,No Online Multiplayer
DARK ARCANA: THE CARNIVAL,PS4,-1,-1,Puzzle,No Online Multiplayer
DARK CLOUD,PS2,80,79,Role-Playing,1 Player
DARKSIDERS 2 DEATHINITIVE EDITION,PS4,72,73,Action Adventure,No Online Multiplayer
DARKSIDERS: WARMASTERED EDITION,PS4,81,76,Action Adventure,N/A
DAY OF THE TENTACLE REMASTERED,PS4,84,73,Adventure,N/A
DEAD ISLAND DEFINITIVE EDITION,PS4,63,63,Miscellaneous,Up to 4 
DEAD ISLAND RETRO REVENGE,PS4,65,64,Action,N/A
DEAD NATION: APOCALYPSE EDITION,PS4,74,71,Action,N/A
DEADLIGHT DIRECTOR'S CUT,PS4,70,67,Action,N/A
DE BLOB,PS4,65,-1,Action,No Online Multiplayer
DESERT CHILD,PS4,58,74,Racing,Online Multiplayer
DESTROY ALL HUMANS!,PS2,74,81,Action Adventure,1 Player
DEFENSE GRID 2,PS4,77,70,Strategy,2 
DIRT 4,PS4,85,75,Racing,Up to 8 
DIRT RALLY,PS4,85,79,Racing,Up to 8 
DISGAEA 5: ALLIANCE OF VENGEANCE,PS4,80,82,Fantasy,No Online Multiplayer
DISHONORED 2,PS4,88,79,Action Adventure,No Online Multiplayer
DOKI-DOKI UNIVERSE,PS4,71,63,General,N/A
DON'T DIE MR. ROBOT!,PS4,71,46,Action,N/A
DOOM,PS4,85,84,Sci-Fi,Up to 12 
DUNGEONS 2,PS4,61,68,Strategy,Up to 4 
DYNAMITE FISHING - WORLD GAMES,PS4,-1,-1,Action,N/A
DAMNATION,PS3,36,30,Action,Up to 8 
DARK MIST,PS3,-1,-1,Action,N/A
DARK VOID,PS3,59,59,Action,No Online Multiplayer
DARKSTALKERS RESURRECTION,PS3,80,74,Action,Up to 8 
DAYTONA USA,PS3,71,70,Driving,N/A
DE BLOB 2,PS3,74,72,Action,N/A
DEAD ISLAND: RIPTIDE,PS3,62,59,Action,Up to 4 
DEAD OR ALIVE 5 LAST ROUND,PS3,-1,75,Action,Up to 16 
DEAD OR ALIVE 5 ULTIMATE,PS3,77,81,Action,Up to 16 
DEAD SPACE 3,PS3,76,64,Action,2 
DEADLY PREMONITION: DIRECTORS CUT,PS3,70,77,Action Adventure,No Online Multiplayer
DEATH TRACK: RESURRECTION,PS3,-1,-1,Simulation,Up to 8 
DECEPTION IV: BLOOD TIES,PS3,70,80,General,N/A
DECEPTION IV: THE NIGHTMARE PRINCESS,PS3,-1,-1,Strategy,N/A
.DETUNED,PS3,46,37,Action,1 Player
DEVIL MAY CRY 4,PS3,84,85,Action,No Online Multiplayer
DEVIL MAY CRY HD COLLECTION,PS3,74,89,Miscellaneous,No Online Multiplayer
DISGAEA 3: ABSENCE OF JUSTICE,PS3,78,82,Strategy,No Online Multiplayer
DISGAEA 4: A PROMISE UNFORGOTTEN,PS3,80,87,Strategy,No Online Multiplayer
DISGAEA D2: A BRIGHTER DARKNESS,PS3,74,81,Strategy,No Online Multiplayer
DISHONORED,PS3,89,79,Action Adventure,N/A
DISNEY EPIC MICKEY: THE POWER OF TWO,PS3,59,42,Action,N/A
DISNEY PIXAR BRAVE,PS3,71,62,Action Adventure,N/A
DISNEY PIXAR CARS 2 THE VIDEOGAME,PS3,74,72,Driving,1-4 
DISNEY PIXAR TOY STORY MANIA!,PS3,-1,58,Miscellaneous,N/A
DISNEY UNIVERSE ULTIMATE EDITION,PS3,70,69,Action Adventure,No Online Multiplayer
DON BRADMAN CRICKET 14,PS3,73,70,Alternative,2 
DOUBLE DRAGON NEON,PS3,71,72,Action,N/A
DUKE NUKEM FOREVER,PS3,51,48,Action,Up to 8 
DYNASTY WARRIORS 6,PS3,59,72,Action,No Online Multiplayer
DYNASTY WARRIORS 6 EMPIRES,PS3,62,71,Action,No Online Multiplayer
DYNASTY WARRIORS 7,PS3,57,73,Action,2 
DYNASTY WARRIORS 7 EMPIRES,PS3,63,80,Action,N/A
DYNASTY WARRIORS 7 XTREME LEGENDS,PS3,64,76,Action,2 
DYNASTY WARRIORS 8,PS3,68,81,Action,2 
DYNASTY WARRIORS 8: XTREME LEGENDS,PS3,68,70,Action,2 
DYNASTY WARRIORS: STRIKEFORCE,PS3,64,69,Action,Up to 4 
EARTH DEFENSE FORCE 4.1: THE SHADOW OF NEW DESPAIR,PS4,64,74,Action,Up to 4 
EARTH'S DAWN,PS4,68,68,Action,N/A
ELECTRONIC SUPER JOY,PS4,-1,-1,Action,N/A
ENIGMATIS 2: THE MISTS OF RAVENWOOD,PS4,-1,-1,Puzzle,No Online Multiplayer
ENIGMATIS: THE GHOSTS OF MAPLE CREEK,PS4,-1,68,Puzzle,No Online Multiplayer
ENTWINED,PS4,59,67,Action,N/A
ESCAPE PLAN,PS4,73,67,Miscellaneous,N/A
EVE: VALKYRIE - WARZONE,PS4,-1,58,Simulation,N/A
EVENTIDE: SLAVIC FABLE,PS4,-1,-1,Puzzle,No Online Multiplayer
EVERYBODY'S GONE TO THE RAPTURE,PS4,78,65,Action,N/A
EVERYBODY'S TENNIS,PS2,70,79,Sports,1-4 
EXILE'S END,PS4,63,63,Action,N/A
EXIST ARCHIVE: THE OTHER SIDE OF THE SKY,PS4,69,70,Role-Playing,No Online Multiplayer
EXTREME EXORCISM,PS4,74,63,Action,N/A
EAT THEM!,PS3,65,72,Action,N/A
ECHOCHROME,PS3,81,73,Miscellaneous,1 Player
ELEFUNK,PS3,70,61,Action,2  Online
ETHAN: METEOR HUNTER,PS3,-1,-1,Action,N/A
EUFLORIA,PS3,73,75,Strategy,N/A
EVERYBODY'S GOLF,PS4,78,75,Traditional,Up to 20 
EVERYBODY'S GOLF: WORLD TOUR,PS3,81,83,Sports,44  Online
F1 2015,PS4,65,64,Racing,Up to 16 
F1 2016,PS4,82,79,Racing,Up to 22 
F1 2017,PS4,86,75,Racing,Up to 20 
F1 2019,PS4,84,76,Racing,Up to 20 
FAIRY FENCER F ADVENT DARK FORCE,PS4,71,69,Role-Playing,No Online Multiplayer
FALLOUT 4,PS4,87,67,General,No Online Multiplayer
FANTAVISION,PS2,72,66,Miscellaneous,1-2 
FARMING SIMULATOR 15,PS4,54,55,Simulation,Up to 6 
FARMING SIMULATOR 17,PS4,69,69,Simulation,Up to 6 
FARMING SIMULATOR 19,PS4,64,49,Simulation,Up to 6 
FAT PRINCESS ADVENTURES,PS4,63,73,Action,Up to 4 
FLUSTER CLUCK,PS4,37,41,Action,N/A
FOR HONOR,PS4,78,61,Action Adventure,Up to 8 
FORBIDDEN SIREN,PS2,72,80,Action Adventure,1 Player
F.E.A.R. FIRST ENCOUNTER ASSAULT RECON,PS3,72,76,Action,16  Online
F1 2014,PS3,62,40,Driving,Up to 16 
F1 RACE STARS,PS3,61,58,Driving,Up to 12 
FAERY : LEGENDS OF AVALON,PS3,57,67,Role-Playing,N/A
FALLOUT 3,PS3,90,79,Role-Playing,No Online Multiplayer
FALLOUT: NEW VEGAS,PS3,82,80,Role-Playing,No Online Multiplayer
FIGHTING VIPERS,PS3,-1,68,Action,Up to 6 
FINAL EXAM,PS3,60,40,Action,N/A
FINAL FIGHT: DOUBLE IMPACT,PS3,79,70,Action,N/A
FLOW,PS3,71,69,Miscellaneous,1-2 
FLOWER,PS3,87,85,Miscellaneous,1 Player
FROGGER RETURNS,PS3,44,33,Action,N/A
GAL*GUN: DOUBLE PEACE,PS4,64,69,Action,N/A
GAROU: MARK OF THE WOLVES,PS4,-1,67,Action,N/A
GEM SMASHERS,PS4,-1,-1,Puzzle,N/A
GET EVEN,PS4,71,74,Modern,N/A
GIANA SISTERS: TWISTED DREAMS - DIRECTOR'S CUT,PS4,80,73,Action,N/A
GOD EATER 2: RAGE BURST,PS4,69,73,Role-Playing,Up to 4 
GOD OF WAR® III REMASTERED,PS4,81,81,Action Adventure,No Online Multiplayer
GRAND AGES: MEDIEVAL,PS4,64,65,Strategy,Up to 8 
GRAND KINGDOM,PS4,78,73,Strategy,Online Multiplayer
GRAVITY RUSH REMASTERED,PS4,80,81,Action,No Online Multiplayer
GRAVITY RUSH 2,PS4,80,80,Action,No Online Multiplayer
GRIM FANDANGO REMASTERED,PS4,80,77,General,No Online Multiplayer
GRIM LEGENDS: THE FORSAKEN BRIDE,PS4,-1,-1,Puzzle,N/A
GUILTY GEAR XRD -REVELATOR-,PS4,86,80,Action,Up to 64 
GENJI: DAYS OF THE BLADE,PS3,55,58,Action Adventure,No Online Multiplayer
G-FORCE,PS3,68,75,Action,N/A
GO! PUZZLE,PS3,62,-1,Miscellaneous,4  Online
GOD OF WAR,PS2,94,89,Action Adventure,1 Player
GOD OF WAR II,PS2,93,89,Action Adventure,1 Player
GOD OF WAR: ASCENSION,PS3,80,76,Action Adventure,Up to 8 
GOD OF WAR: CHAINS OF OLYMPUS,PS3,-1,78,Action Adventure,1 Player
GOD OF WAR: GHOST OF SPARTA,PS3,-1,78,Action Adventure,N/A
GOLDEN AXE,PS3,-1,65,Action,2 
GRAVITY CRASH,PS3,73,73,Action,N/A
GREG HASTINGS PAINTBALL 2,PS3,46,-1,Action,Up to 16 
GRID 2,PS3,82,66,Driving,N/A
GRID AUTOSPORT,PS3,75,66,Driving,Up to 12 
GUACAMELEE!,PS3,84,77,Action,N/A
HARDWARE: RIVALS,PS4,56,53,Simulation,Up to 10 
HEAVY RAIN,PS4,78,79,Adventure,N/A
HOHOKUM,PS4,75,64,General,N/A
HOLLOW KNIGHT VOIDHEART EDITION,PS4,85,87,Action Adventure,No Online Multiplayer
HOTEL TRANSYLVANIA 3 MONSTERS OVERBOARD,PS4,-1,33,Action,No Online Multiplayer
HOW TO SURVIVE - STORM WARNING EDITION,PS4,65,63,Action Adventure,2 
HAKUOKI: STORIES OF THE SHINSENGUMI,PS3,-1,68,Adventure,No Online Multiplayer
HAMILTON'S GREAT ADVENTURE,PS3,74,51,Adventure,N/A
HAMSTERBALL,PS3,61,64,Miscellaneous,N/A
HEAVENLY SWORD,PS3,79,82,Action,No Online Multiplayer
HEAVY FIRE AFGHANISTAN,PS3,39,34,Action,N/A
HOUSE OF THE DEAD 4,PS3,73,77,Action,N/A
HUNTED: THE DEMON'S FORGE,PS3,57,63,Action Adventure,2  Online
HUNTER'S TROPHY 2 - AMERICA,PS3,-1,-1,Sports,N/A
HUNTER'S TROPHY 2 - AUSTRALIA,PS3,-1,31,Sports,N/A
HUSTLE KINGS,PS3,81,81,Sports,64+  Online
I AM BREAD,PS4,51,48,Miscellaneous,N/A
I ZOMBIE,PS4,-1,-1,Action,N/A
IN SPACE WE BRAWL,PS4,54,44,Action,N/A
INSIDE MY RADIO,PS4,-1,-1,Action,N/A
IRONCAST,PS4,70,53,Puzzle,N/A
IBB & OBB,PS3,78,79,Miscellaneous,2 
ICO,PS2,90,89,Action Adventure,1 Player
INFAMOUS,PS3,85,83,Action Adventure,No Online Multiplayer
INFAMOUS 2,PS3,83,86,Action Adventure,No Online Multiplayer
INFAMOUS: FESTIVAL OF BLOOD,PS3,78,80,Action Adventure,N/A
INJUSTICE: GODS AMONG US ULTIMATE EDITION,PS3,78,79,Action,Up to 8 
INVIZIMALS THE LOST KINGDOM,PS3,50,49,Card Battle,N/A
JOE DEVER'S LONE WOLF,PS4,79,72,Action,N/A
JETPACK JOYRIDE DELUXE,PS3,-1,-1,Action,N/A
JOE DANGER 2: THE MOVIE,PS3,78,58,Action,N/A
JOURNEY,PS3,92,88,Action,N/A
JUDGE DEE - THE CITY GOD CASE,PS3,-1,-1,Miscellaneous,N/A
KICKBEAT SPECIAL EDITION,PS4,60,43,Action,N/A
KILLZONE: SHADOW FALL,PS4,73,68,Shooter,Up to 24 
KINETICA,PS2,77,82,Driving,1-2 
KING ODDBALL,PS4,64,48,Miscellaneous,N/A
KINGDOM: NEW LANDS,PS4,-1,49,Strategy,No Online Multiplayer
KNACK,PS4,54,64,Action,N/A
KRINKLE KRUSHER,PS4,50,64,Action,N/A
KROMAIA Ω,PS4,68,59,Action,N/A
KILLZONE,PS3,59,64,Action,Up to 16 
KILLZONE 2,PS3,91,81,Action,Up to 32 
KILLZONE 3,PS3,84,80,Action,N/A
KNYTT UNDERGROUND,PS3,73,61,Action,N/A
KUNG FU RABBIT,PS3,-1,-1,Action,N/A
LEGEND OF KAY ANNIVERSARY,PS4,62,59,Action Adventure,No Online Multiplayer
LEGO BATMAN 3: BEYOND GOTHAM,PS4,73,69,Action Adventure,No Online Multiplayer
LEGO WORLDS,PS4,66,65,Action Adventure,2 
LEO'S FORTUNE,PS4,66,67,Action,N/A
LIMBO,PS3,90,80,Action,N/A
LITTLEBIGPLANET 3,PS4,79,71,Action,Up to 4 
LOCK'S QUEST,PS4,50,-1,Strategy,N/A
LOCOROCO REMASTERED,PS4,79,70,Action,N/A
LONE SURVIVOR: THE DIRECTOR'S CUT,PS4,-1,65,Action Adventure,N/A
LORDS OF THE FALLEN,PS4,68,64,Action RPG,No Online Multiplayer
LOST SEA,PS4,59,62,Strategy,N/A
LOVELY PLANET,PS4,-1,-1,Action,N/A
LUMO,PS4,73,59,Action,N/A
LEARNING WITH THE POOYOOS - EPISODE 1,PS3,-1,-1,Miscellaneous,1 Player
LEGASISTA,PS3,68,67,Role-Playing,1 Player
LEGO BATMAN 2: DC SUPER HEROES,PS3,81,74,Action Adventure,No Online Multiplayer
LEGO BATMAN: THE VIDEOGAME,PS3,75,79,Action Adventure,No Online Multiplayer
LEGO HARRY POTTER: YEARS 1-4,PS3,79,78,Action Adventure,No Online Multiplayer
LEGO HARRY POTTER: YEARS 5-7,PS3,76,80,Action Adventure,No Online Multiplayer
LEGO STAR WARS™ III: THE CLONE WARS™,PS3,76,76,Action Adventure,No Online Multiplayer
LEGO STAR WARS™: THE COMPLETE SAGA,PS3,80,71,Action,2  Online
LEGO® DISNEY PIRATES OF THE CARIBBEAN THE VIDEOGAME,PS3,73,74,Action Adventure,No Online Multiplayer
LEGO® INDIANA JONES™ 2: THE ADVENTURE CONTINUES,PS3,70,73,Action Adventure,N/A
LEGO® INDIANA JONES™: THE ORIGINAL ADVENTURES,PS3,77,77,Action Adventure,No Online Multiplayer
LEMMINGS,PS3,59,67,Miscellaneous,1 Player
LINGER IN SHADOWS,PS3,59,46,Action,N/A
LITTLEBIGPLANET 3,PS3,-1,73,Action,Up to 4 
LOCOROCO COCORECCHO,PS3,72,56,Puzzle,1 Player
LOST PLANET,PS3,67,69,Action,Up to 16 
LOST PLANET 2,PS3,68,69,Action,Up to 16 
LOST PLANET 3,PS3,61,57,Action,Up to 10 
MAFIA III,PS4,68,53,Action Adventure,No Online Multiplayer
MAGICKA 2,PS4,72,63,Fantasy,Up to 4 
MALICIOUS FALLEN,PS4,62,61,Action,N/A
MANTIS BURN RACING,PS4,71,69,Racing,N/A
MARVEL'S SPIDER-MAN,PS4,87,86,Action Adventure,No Online Multiplayer
MASTERCUBE,PS4,-1,26,Action,N/A
MEGADIMENSION NEPTUNIA VII,PS4,71,72,Role-Playing,No Online Multiplayer
METAL GEAR SOLID GROUND ZEROES,PS4,75,64,Action Adventure,No Online Multiplayer
METAL GEAR SOLID V: THE PHANTOM PAIN,PS4,93,82,Modern,Up to 16 
METAL SLUG 3,PS4,-1,70,Action,2 
METRO EXODUS,PS4,80,69,Action,No Online Multiplayer
METRO 2033 REDUX,PS4,-1,71,Action,N/A
METRO: LAST LIGHT REDUX,PS4,-1,70,Action,N/A
MINUTES,PS4,76,72,Action,N/A
MITSURUGI KAMUI HIKAE,PS4,58,42,Action,N/A
MOMONGA PINBALL ADVENTURES,PS4,-1,-1,Action,N/A
MONSTER ENERGY SUPERCROSS,PS4,67,47,Racing,Up to 12 
MORDHEIM - CITY OF THE DAMNED,PS4,72,61,Strategy,2 
MOTOGP 17,PS4,68,44,Racing,Up to 12 
MOUNT & BLADE: WARBAND,PS4,67,79,Role-Playing,Up to 64 
MOUSECRAFT,PS4,72,57,Miscellaneous,N/A
MUDRUNNER,PS4,67,72,Simulation,Up to 4 
MX VS ATV SUPERCROSS ENCORE,PS4,42,39,Racing,Up to 12 
MXGP2 - THE OFFICIAL MOTOCROSS VIDEOGAME,PS4,65,65,Racing,Up to 12 
MXGP3 – THE OFFICIAL MOTOCROSS VIDEOGAME,PS4,67,-1,Racing,Up to 12 
MYSTERY CHRONICLE: ONE WAY HEROICS,PS4,-1,-1,Role-Playing,2 
MACHINARIUM,PS3,78,82,Adventure,No Online Multiplayer
MAFIA 2,PS3,75,79,Action Adventure,No Online Multiplayer
MAGIC ORBZ,PS3,66,76,Action,1-2 
MAGUS,PS3,32,42,Action,N/A
MAHJONG TALES : ANCIENT WISDOM,PS3,47,71,Miscellaneous,2  Online
MARS: WAR LOGS,PS3,-1,73,Role-Playing,N/A
MEGA MAN 10,PS3,78,81,Action,N/A
MEGA MAN 9,PS3,77,85,Action,1 Player
METAL GEAR RISING: REVENGEANCE,PS3,80,80,Action Adventure,No Online Multiplayer
METAL GEAR SOLID HD COLLECTION,PS3,89,89,Miscellaneous,Up to 6 
MIRROR'S EDGE,PS3,79,77,Action,1 Player
MONKEY ISLAND 2 SPECIAL EDITION: LECHUCK’S REVENGE,PS3,87,80,Adventure,N/A
MORTAL KOMBAT KOMPLETE EDITION,PS3,77,85,Action,N/A
MOTOGP 15,PS3,-1,-1,Racing,Up to 12 
MOTORCYCLE CLUB,PS3,-1,-1,Driving,N/A
MOTORSTORM APOCALYPSE,PS3,77,78,Driving,Up to 16 
MOTORSTORM RC COMPLETE EDITION,PS3,-1,63,Driving,N/A
MX VS ATV: ALIVE,PS3,61,68,Driving,Up to 12 
MX VS ATV: UNTAMED,PS3,67,66,Driving,Up to 8 
MX VS. ATV: REFLEX,PS3,74,73,Driving,Up to 12 
MXGP – THE OFFICIAL MOTOCROSS VIDEOGAME,PS3,67,68,Driving,N/A
NASCAR HEAT 3,PS4,64,54,Racing,Up to 40 
NASCAR HEAT 4,PS4,70,53,Racing,Up to 40 
NATURAL DOCTRINE,PS4,53,61,Strategy,2 
NBA 2K18,PS4,80,17,Arcade,Up to 10 
NEON CHROME,PS4,63,65,Action,N/A
NEUROVOIDER,PS4,76,62,Action,N/A
NIDHOGG,PS4,-1,62,Action,N/A
NIGHTMARES FROM THE DEEP: THE CURSED HEART,PS4,58,62,Puzzle,N/A
NIGHTMARES FROM THE DEEP 2: THE SIREN`S CALL,PS4,-1,53,Puzzle,N/A
NINJA PIZZA GIRL,PS4,-1,-1,Action,N/A
NIGHTS OF AZURE,PS4,67,72,Role-Playing,No Online Multiplayer
NIGHTS OF AZURE 2: BRIDE OF THE NEW MOON,PS4,66,70,Action,No Online Multiplayer
NO TIME TO EXPLAIN,PS4,-1,-1,Action,N/A
NOM NOM GALAXY,PS4,70,68,Action,Up to 4 
NOVA-111,PS4,73,50,Sci-Fi,N/A
NEED FOR SPEED RIVALS,PS3,80,52,Driving,Up to 6 
NIGHTS INTO DREAMS,PS3,75,75,Platformer,No Online Multiplayer
NINJA GAIDEN 3: RAZOR'S EDGE,PS3,67,71,Action,8  Online
NINJA GAIDEN SIGMA 2,PS3,83,78,Action Adventure,2 
NOBUNAGA'S AMBITION : SPHERE OF INFLUENCE,PS3,-1,74,Strategy,N/A
NUMBLAST,PS3,-1,-1,Miscellaneous,N/A
OBLITERACERS,PS4,70,-1,Racing,Up to 16 
OKAGE: SHADOW KING,PS2,70,80,Role-Playing,1 Player
OLLIOLLI,PS4,-1,66,Sports,N/A
OLLIOLLI2: WELCOME TO OLLIWOOD,PS4,86,65,Sports,N/A
OMEGA_QUINTET,PS4,58,71,Console-style RPG,No Online Multiplayer
OVERCOOKED! 2,PS4,81,81,Action,Up to 4 
OVERLORD: FELLOWSHIP OF EVIL,PS4,33,25,Role-Playing,Up to 4 
ODDWORLD: STRANGER'S WRATH HD,PS3,82,86,Action Adventure,N/A
OF ORCS AND MEN,PS3,57,63,Role-Playing,No Online Multiplayer
OPERATION FLASHPOINT: DRAGON RISING,PS3,76,65,Action,Up to 8 
OPERATION FLASHPOINT: RED RIVER,PS3,67,66,Action,Up to 4 
ORDER UP!!,PS3,55,48,Action,N/A
OVERLORD II,PS3,72,77,Action Adventure,2 
OVERLORD RAISING HELL,PS3,72,78,Action Adventure,1 Player
PAC-MAN CHAMPIONSHIP EDITION 2,PS4,77,80,Action,N/A
PANG ADVENTURES,PS4,63,54,Action,N/A
PAYDAY 2: CRIMEWAVE EDITION,PS4,71,42,Action,Up to 4 
PHARAONIC,PS4,-1,60,Role-Playing,N/A
PILLARS OF ETERNITY: COMPLETE EDITION,PS4,85,73,Role-Playing,No Online Multiplayer
PIX THE CAT,PS4,80,60,Action,N/A
PIXEL HEROES: BYTE & MAGIC,PS4,54,-1,Role-Playing,N/A
PIXEL PIRACY,PS4,50,24,Strategy,N/A
PIXELJUNK SHOOTER ULTIMATE,PS4,82,72,Action,N/A
PLAGUE ROAD,PS4,-1,49,Role-Playing,N/A
PONCHO,PS4,63,36,Action,N/A
PREY,PS4,79,78,General,No Online Multiplayer
PRIMAL,PS2,73,86,Action Adventure,1 Player
PLAYERUNKNOWN'S BATTLEGROUNDS,PS4,72,34,Action,Up to more than 64 
PUMPED BMX +,PS4,-1,48,Racing,N/A
PURE HOLD'EM WORLD POKER CHAMPIONSHIP,PS4,73,39,Miscellaneous,Up to 8 
PURE POOL,PS4,75,70,Alternative,2 
PAINKILLER HELL & DAMNATION,PS3,40,69,Action,Up to 8 
PAPO & YO,PS3,72,79,Adventure,N/A
PHINEAS AND FERB ACROSS THE 2ND DIMENSION,PS3,63,72,Action,1-2 
PID,PS3,70,80,Action,N/A
PIRATES OF THE CARIBBEAN: AT WORLD'S END,PS3,55,71,Action Adventure,1-2 
PIXELJUNK EDEN FULLY GROWN EDITION,PS3,80,78,Action,1-3 
PIXELJUNK MONSTERS BIG BITE EDITION,PS3,83,82,Strategy,2  Online
PIXELJUNK RACERS 2ND LAP,PS3,66,41,Driving,N/A
PIXELJUNK SHOOTER,PS3,87,81,Action,N/A
PIXELJUNK SHOOTER 2,PS3,82,76,Action,N/A
PIXELJUNK SIDESCROLLER,PS3,76,70,Action,N/A
PIYOTAMA,PS3,70,68,Miscellaneous,1-2 
PLANET MINIGOLF,PS3,66,80,Sports,N/A
PLANETS UNDER ATTACK,PS3,-1,-1,Strategy,N/A
POOL NATION,PS3,81,77,Sports,Up to 8 
PORT ROYALE 3,PS3,-1,74,Strategy,No Online Multiplayer
PROTEUS,PS3,72,49,Adventure,1 Player
PUPPETEER,PS3,80,84,Action,No Online Multiplayer
PUZZLE AGENT,PS3,66,50,Miscellaneous,N/A
Q*BERT REBOOTED,PS4,44,49,Action,N/A
QUANTUM THEORY,PS3,43,50,Action,10  Online
RAD RODGERS,PS4,66,54,Action,No Online Multiplayer
RAIDEN V: DIRECTOR'S CUT,PS4,73,69,Action,N/A
RAINBOW MOON,PS4,70,64,Strategy,N/A
RAPALA FISHING: PRO SERIES,PS4,-1,-1,Sports,N/A
REAL FARM,PS4,-1,36,Simulation,N/A
REBEL GALAXY,PS4,64,68,Action,N/A
RED FACTION,PS2,88,80,Action,1-2 
RED FACTION II,PS2,84,76,Action,1-4 
RED FACTION GUERRILLA RE-MARS-TERED,PS4,70,49,Action,Up to 16 
RESOGUN,PS4,84,77,Shooter,N/A
REUS,PS4,75,45,Strategy,N/A
RIDE 3,PS4,71,63,Racing,Up to 12 
RISEN 3: TITAN LORDS - ENHANCED EDITION,PS4,51,52,Role-Playing,N/A
RIVE,PS4,75,72,Action,N/A
ROCKET LEAGUE,PS4,85,85,Racing,Up to 8 
ROGUE GALAXY,PS2,83,79,Role-Playing,1 Player
ROGUE STORMERS,PS4,69,48,Action,Up to 4 
ROMANCE OF THE THREE KINGDOMS 13,PS4,67,71,Strategy,No Online Multiplayer
RAG DOLL KUNG FU: FISTS OF PLASTIC,PS3,68,72,Action,4  Online
RAGE,PS3,81,63,Action,Up to 4 
RAGNAROK ODYSSEY ACE,PS3,61,66,Role-Playing,Up to 4 
RAIDEN IV: OVERKILL,PS3,-1,70,Action,N/A
RAIN,PS3,72,78,Miscellaneous,No Online Multiplayer
RATATOUILLE,PS3,55,56,Action,No Online Multiplayer
RATCHET & CLANK ALL 4 ONE,PS3,70,65,Action,Up to 4 
RATCHET & CLANK NEXUS,PS3,76,83,Action,1 Player
RATCHET & CLANK Q-FORCE,PS3,64,73,Action,N/A
RATCHET & CLANK: A CRACK IN TIME,PS3,87,88,Action,No Online Multiplayer
RATCHET & CLANK:QUEST FOR BOOTY,PS3,76,73,Action,1 Player
REALMS OF ANCIENT WAR,PS3,-1,64,Action Adventure,N/A
RED DEAD REDEMPTION,PS3,95,89,Action,Up to 16 
RED DEAD REDEMPTION: UNDEAD NIGHTMARE,PS3,87,83,Action Adventure,N/A
RED FACTION: GUERRILLA,PS3,85,80,Action,Up to 16 
RED JOHNSON'S CHRONICLES,PS3,67,52,Miscellaneous,N/A
RED JOHNSON'S CHRONICLES - ONE AGAINST ALL,PS3,56,-1,Miscellaneous,N/A
RENEGADE OPS,PS3,80,73,Action,N/A
RESIDENT EVIL CODE:VERONICA X,PS3,65,82,Action Adventure,No Online Multiplayer
RESIDENT EVIL OPERATION RACCOON CITY,PS3,52,50,Shooter,Up to 8 
RESIDENT EVIL REVELATIONS,PS3,74,75,Action Adventure,2 
RESIDENT EVIL REVELATIONS 2,PS3,-1,77,Horror,N/A
RESIDENT EVIL UMBRELLA CHRONICLES,PS3,-1,75,Action,2 
RESIDENT EVIL: THE DARKSIDE CHRONICLES,PS3,-1,81,Action,1-2 
RESISTANCE 3,PS3,83,78,Action,Up to 16 
RETRO CITY RAMPAGE DX,PS3,-1,80,Action Adventure,N/A
RETRO/GRADE,PS3,78,70,Action,1 Player
RICOCHET HD,PS3,-1,-1,Action,No Online Multiplayer
RIDE,PS3,-1,66,Driving,Up to 8 
RIFF: EVERYDAY SHOOTER,PS3,83,73,Action,1 Player
RISE OF THE ARGONAUTS,PS3,57,73,Role-Playing,1 Player
ROCKETBIRDS: HARDBOILED CHICKEN,PS3,74,57,Action,N/A
ROTASTIC,PS3,-1,-1,Miscellaneous,N/A
R-TYPE DIMENSIONS,PS3,82,60,Action,N/A
RUNNER 2: A FLAT OUT RUN OF THE RHYTHM ALIEN,PS3,86,80,Action,N/A
SAINTS ROW GAT OUT OF HELL,PS4,64,57,Action Adventure,2 
SAINTS ROW IV RE-ELECTED,PS4,75,73,Action Adventure,2 
SEASONS AFTER FALL,PS4,64,62,Action,N/A
SÉBASTIEN LOEB RALLY EVO,PS4,71,74,Racing,Up to 16 
SHADOW COMPLEX REMASTERED,PS4,80,70,Action,N/A
SHADOW OF THE BEAST,PS4,64,73,Sci-Fi,No Online Multiplayer
SHADOW OF THE TOMB RAIDER,PS4,75,73,Action Adventure,2 
SHADWEN,PS4,51,59,Action Adventure,N/A
SHERLOCK HOLMES - CRIMES AND PUNISHMENTS,PS4,73,72,Adventure,N/A
SHERLOCK HOLMES: THE DEVIL'S DAUGHTER,PS4,71,71,Adventure,N/A
SHINESS: THE LIGHTNING KINGDOM,PS4,67,67,Role-Playing,N/A
SINE MORA EX,PS4,81,72,Action,N/A
SKYSCRAPPERS,PS4,-1,68,Action,N/A
SLIME-SAN: SUPERSLIME EDITION,PS4,81,65,Action Adventure,No Online Multiplayer
SNIPER ELITE 3 ULTIMATE EDITION,PS4,67,69,Shooter,Up to 12 
SNIPER ELITE 4,PS4,77,68,Action,Up to 12 
SOMA,PS4,79,81,Horror,N/A
SOUL AXIOM,PS4,47,48,Adventure,N/A
SOUND SHAPES,PS4,84,70,Action,N/A
SPARKLE 2,PS4,66,60,Action,N/A
SPARKLE UNLEASHED,PS4,-1,-1,Puzzle,N/A
SQUARE HEROES,PS4,-1,-1,Action,Up to 6 
STARDUST GALAXY WARRIORS: STELLAR CLIMAX,PS4,-1,-1,Action,N/A
STAR WARS® BOUNTY HUNTER™,PS2,65,81,Action,1 Player
STAR WARS® JEDI STARFIGHTER™,PS2,81,83,Simulation,1-2 
STAR WARS® RACER REVENGE™,PS2,73,81,Driving,1-2 
STEALTH INC 2: A GAME OF CLONES,PS4,74,70,Action,N/A
STEALTH INC ULTIMATE EDITION,PS4,-1,63,Action,N/A
STEEP,PS4,71,64,Sports,Up to 4 
STEREDENN: BINARY STARS,PS4,-1,-1,Action,N/A
STICK IT TO THE MAN,PS4,75,67,Action,N/A
STIKBOLD! A DODGEBALL ADVENTURE,PS4,75,71,Action,N/A
STRIDER,PS4,77,71,Fantasy,N/A
STRIKE SUIT ZERO: DIRECTOR'S CUT,PS4,68,64,Action,N/A
STYX: MASTER OF SHADOWS,PS4,70,65,Sci-Fi,N/A
STYX: SHARDS OF DARKNESS,PS4,72,71,Action Adventure,2 
SUPER EXPLODING ZOO!,PS4,69,49,Miscellaneous,2 
SUPER MEGA BASEBALL,PS4,85,72,Traditional,N/A
SUPER STAR WARS,PS4,-1,61,Action,N/A
SUPER STARDUST ULTRA,PS4,74,71,Action,N/A
SUPER TOY CARS,PS4,-1,58,Racing,N/A
SURGEON SIMULATOR: ANNIVERSARY EDITION,PS4,56,50,Simulation,N/A
SACRED CITADEL,PS3,62,69,Action,N/A
SAINTS ROW 2,PS3,82,80,Action Adventure,Up to 12 
SAM & MAX BTS: EPISODE 1 - ICE STATION SANTA,PS3,-1,-1,Miscellaneous,N/A
SAM & MAX BTS: EPISODE 2 - MOAI BETTER BLUES,PS3,-1,-1,Miscellaneous,N/A
SAM & MAX BTS: EPISODE 3 - NIGHT OF THE RAVING DEAD,PS3,-1,-1,Miscellaneous,N/A
SAM & MAX BTS: EPISODE 4 - CHARIOTS OF THE DOGS,PS3,-1,-1,Miscellaneous,N/A
SAM & MAX BTS: EPISODE 5 - WHAT'S NEW BEELZEBUB?,PS3,-1,-1,Miscellaneous,N/A
SAM & MAX THE DEVIL'S PLAYHOUSE - EP 1,PS3,81,71,Miscellaneous,1 Player
SAM & MAX THE DEVIL'S PLAYHOUSE - EP 2,PS3,85,78,Miscellaneous,N/A
SAM & MAX THE DEVIL'S PLAYHOUSE - EP 3,PS3,73,77,Miscellaneous,N/A
SAM & MAX THE DEVIL'S PLAYHOUSE - EP 4,PS3,-1,73,Miscellaneous,N/A
SAM & MAX THE DEVIL'S PLAYHOUSE - EP 5,PS3,80,81,Miscellaneous,N/A
SAMURAI WARRIORS 4,PS3,-1,80,Action,2 
SAVAGE MOON,PS3,73,79,Strategy,1 Player
SHADOW OF THE COLOSSUS,PS2,91,91,Action Adventure,1 Player
SHATTER,PS3,86,76,Action,N/A
SID MEIER'S CIVILIZATION REVOLUTION,PS3,85,80,Strategy,Up to 4 
SILENT HILL HD COLLECTION,PS3,70,48,Miscellaneous,No Online Multiplayer
SIREN BLOOD CURSE,PS3,78,80,Action Adventure,1 Player
SKULLGIRLS ENCORE,PS3,-1,60,Action,2 
SKY FIGHTER,PS3,73,80,Action,N/A
SKYDIVE: PROXIMITY FLIGHT,PS3,62,-1,Sports,N/A
SLY COOPER: THIEVES IN TIME,PS3,75,83,Action,1 Player
SMASH CARS,PS3,61,63,Simulation,Up to 6 
SNAKEBALL,PS3,65,50,Puzzle,1-8 
SNIPER ELITE V2,PS3,70,67,Action,2 
SNIPER GHOST WARRIOR 2,PS3,52,60,Action,Up to 12 
SNIPER: GHOST WARRIOR,PS3,53,61,Action,N/A
SOLDNER-X 2: FINAL PROTOTYPE,PS3,77,77,Action,N/A
SOLDNER-X: HIMMELSSTURMER,PS3,63,65,Action,N/A
SONIC ADVENTURE,PS3,50,73,Action,N/A
SONIC ADVENTURE 2,PS3,65,80,Action,N/A
SONIC CD,PS3,80,83,Action,N/A
SONIC GENERATIONS,PS3,76,83,Action,1 Player
SONIC THE FIGHTERS,PS3,-1,56,Action,N/A
SONIC THE HEDGEHOG 4 EPISODE II,PS3,63,66,Action,2 
SONIC THE HEDGEHOG 4: EPISODE 1,PS3,74,61,Action,N/A
SONIC UNLEASHED,PS3,54,80,Action,1 Player
SPACE ACE,PS3,-1,-1,Action,1 Player
SPEC OPS: THE LINE,PS3,77,81,Action,Up to 8 
SPELUNKY,PS3,83,77,Action,N/A
SPLIT/SECOND VELOCITY,PS3,84,80,Driving,Up to 8 
STAR WARS™: THE FORCE UNLEASHED™ II,PS3,63,67,Action,N/A
STAR WARS™: THE FORCE UNLEASHED™: ULTIMATE SITH EDITION,PS3,-1,73,Action,No Online Multiplayer
STARHAWK,PS3,77,78,Action,N/A
STARWHAL,PS3,-1,-1,Action,N/A
STRONG BAD'S COOL GAME FOR ATTRACTIVE PEOPLE - EPISODE 1,PS3,-1,-1,Miscellaneous,1 Player
STRONG BAD'S COOL GAME FOR ATTRACTIVE PEOPLE - EPISODE 2,PS3,-1,-1,Miscellaneous,1 Player
STRONG BAD'S COOL GAME FOR ATTRACTIVE PEOPLE - EPISODE 3,PS3,-1,-1,Miscellaneous,1 Player
STRONG BAD'S COOL GAME FOR ATTRACTIVE PEOPLE - EPISODE 4,PS3,-1,-1,Miscellaneous,1 Player
STRONG BAD'S COOL GAME FOR ATTRACTIVE PEOPLE - EPISODE 5,PS3,-1,-1,Miscellaneous,1 Player
SUPER HANG-ON,PS3,-1,80,Driving,N/A
SUPER PUZZLE FIGHTER II TURBO HD REMIX,PS3,82,74,Miscellaneous,Up to 4 
SYBERIA,PS3,50,71,Adventure,N/A
SYBERIA 2,PS3,-1,70,Adventure,N/A
TACHYON PROJECT,PS4,71,60,Action,N/A
TALES OF ZESTIRIA,PS4,72,72,Role-Playing,No Online Multiplayer
TEARAWAY UNFOLDED,PS4,81,80,Action Adventure,N/A
TENNIS IN THE FACE,PS4,68,47,Puzzle,N/A
TERRARIA,PS4,83,73,Action,Up to 8 
TESLAGRAD,PS4,78,67,Action,N/A
TETRAMINOS,PS4,-1,68,Puzzle,No Online Multiplayer
THE BUG BUTCHER,PS4,-1,-1,Action,N/A
THE DWARVES,PS4,60,76,Role-Playing,N/A
THE ELDER SCROLLS ONLINE: TAMRIEL UNLIMITED,PS4,74,76,First-Person,Massively Multiplayer
THE EVIL WITHIN,PS4,75,75,Horror,No Online Multiplayer
THE EVIL WITHIN 2,PS4,76,85,Action Adventure,No Online Multiplayer
THE FINAL STATION,PS4,68,56,Action Adventure,N/A
THE KEEPER OF 4 ELEMENTS,PS4,-1,-1,Strategy,N/A
THE LAST TINKER: CITY OF COLORS,PS4,66,61,Action,N/A
THE METRONOMICON: SLAY THE DANCE FLOOR,PS4,79,69,Action,N/A
THE RAVEN REMASTERED,PS4,72,51,Adventure,No Online Multiplayer
THE SPECTRUM RETREAT,PS4,67,39,Adventure,No Online Multiplayer
THE SURGE,PS4,73,66,Role-Playing,No Online Multiplayer
THE SWAPPER,PS4,83,76,Action,N/A
THE SWINDLE,PS4,73,60,Action,N/A
THE TOWN OF LIGHT,PS4,67,62,Adventure,N/A
THE TREAUSRES OF MONTEZUMA 4,PS4,-1,-1,Puzzle,N/A
THE VANISHING OF ETHAN CARTER,PS4,81,74,Miscellaneous,N/A
THIS WAR OF MINE: THE LITTLE ONES,PS4,78,76,Strategy,N/A
THOMAS WAS ALONE,PS4,-1,65,Action,N/A
TINY TROOPERS JOINT OPS,PS4,65,52,Action,No Online Multiplayer
TITAN QUEST,PS4,55,57,Role-Playing,Up to 6 
TOKI TORI 2+TOKYO XANADU EX+,PS4,75,78,Role-Playing,No Online Multiplayer
TORMENT: TIDES OF NUMENER,PS4,76,70,General,N/A
TOM CLANCY'S RAINBOW SIX SIEGE,PS4,73,73,Modern,Up to 10 
TOUHOU: SCARLET CURIOSITY,PS4,58,68,Role-Playing,N/A
TOUKIDEN 2,PS4,77,75,Role-Playing,Up to 4 
TOUKIDEN: KIWAMI,PS4,74,74,Action,Up to 4 
TOUR DE FRANCE 2017,PS4,58,51,Sports,N/A
TRICKY TOWERS,PS4,72,70,Puzzle,Up to 4 
TRON RUN/R,PS4,64,64,Action,N/A
TROPICO 5,PS4,76,71,Tycoon,Up to 4 
TALES FROM SPACE: ABOUT A BLOB,PS3,76,78,Action,1-2 
TALES FROM SPACE: MUTANT BLOBS ATTACK,PS3,81,80,Action,N/A
THE AWAKENED FATE ULTIMATUM,PS3,65,74,Role-Playing,N/A
THE BOOK OF UNWRITTEN TALES 2,PS3,-1,-1,Adventure,N/A
THE DARKNESS,PS3,80,77,Action,Up to 8 
THE DARKNESS II,PS3,79,78,Action,Up to 4 
THE ELDER SCROLLS IV: OBLIVION,PS3,93,81,Role-Playing,No Online Multiplayer
THE GUIDED FATE PARADOX,PS3,74,78,Role-Playing,No Online Multiplayer
THE HOUSE OF THE DEAD 3,PS3,64,67,Action,1-2 
THE HOUSE OF THE DEAD: OVERKILL EXTENDED CUT,PS3,75,74,Action,No Online Multiplayer
THE KING OF FIGHTERS XIII,PS3,77,82,Action,2 
THE LAST GUY,PS3,77,68,Action Adventure,No Online Multiplayer
THE LAST OF US,PS3,95,91,Modern,Up to 8 
THE LAST OF US: LEFT BEHIND,PS3,88,82,Action Adventure,Up to 8 
THE LEGO MOVIE VIDEOGAME,PS3,80,69,Action Adventure,No Online Multiplayer
THE RAVEN: LEGACY OF A MASTER THIEF,PS3,-1,34,Adventure,N/A
THE SECRET OF MONKEY ISLAND: SPECIAL EDITION,PS3,87,81,Adventure,N/A
THE SLY TRILOGY,PS3,85,88,Action Adventure,No Online Multiplayer
THE WITCH AND THE HUNDRED KNIGHT,PS3,53,74,Role-Playing,No Online Multiplayer
THE WOLF AMONG US,PS3,-1,81,Action Adventure,No Online Multiplayer
TOKYO JUNGLE,PS3,74,81,Action,No Online Multiplayer
TOY HOME,PS3,57,51,Driving,N/A
TOYBOX TURBOS,PS3,78,58,Driving,Up to 4 
TRASH PANIC,PS3,72,68,Miscellaneous,1-2 
TRINE,PS3,83,78,Action,1-3 
TRINITY: SOULS OF ZILL O'LL,PS3,55,78,Role-Playing,N/A
TRON : EVOLUTION,PS3,58,63,Action,N/A
TRUCK RACER,PS3,-1,53,Driving,Up to 4 
TWISTED METAL,PS3,76,78,Simulation,Up to 16 
TWO WORLDS II,PS3,70,69,Role-Playing,Up to 8 
ULTRA STREET FIGHTER IV,PS4,71,62,Action,Up to 8 
ULTRATRON,PS4,-1,61,Action,N/A
UNFINISHED SWAN,PS4,83,74,Action,N/A
UNTIL DAWN,PS4,79,83,Action Adventure,No Online Multiplayer
UNCHARTED 2: AMONG THIEVES,PS3,96,88,Action Adventure,No Online Multiplayer
UNCHARTED 3: DRAKE'S DECEPTION GAME OF THE YEAR EDITION,PS3,92,84,Action Adventure,Up to 10 
UNCHARTED: DRAKE'S FORTUNE,PS3,88,79,Action Adventure,No Online Multiplayer
URBAN TRIAL FREESTYLE,PS3,64,64,Driving,1 Player
VAMPYR,PS4,70,70,Role-Playing,No Online Multiplayer
VALENTINO ROSSI THE GAME,PS4,75,74,Racing,Up to 12 
VEGAS PARTY,PS4,-1,-1,Miscellaneous,No Online Multiplayer
VELOCIBOX,PS4,62,56,Action,N/A
VELOCITY 2X,PS4,86,69,Action,N/A
VICTOR VRAN OVERKILL EDITION,PS4,76,71,Role-Playing,Up to 4 
VIKINGS - WOLVES OF MIDGARD,PS4,67,67,Role-Playing,2 
VELOCITY ULTRA,PS3,-1,70,Action,N/A
VESSEL,PS3,-1,69,Action,N/A
VIRTUA FIGHTER 2,PS3,-1,68,Action,Up to 6 
VIRTUA FIGHTER 5 FINAL SHOWDOWN,PS3,82,62,Action,Up to 8 
WARHAMMER: END TIMES - VERMINTIDE,PS4,73,62,Action,Up to 4 
WARRIORS ALL-STARS,PS4,70,65,Action,No Online Multiplayer
WASTELAND 2: DIRECTOR'S CUT,PS4,80,75,Role-Playing,No Online Multiplayer
WHISPERING WILLOWS,PS4,63,60,Adventure,N/A
WILD ARMS 3,PS2,78,85,Role-Playing,1 Player
WILD GUNS RELOADED,PS4,74,61,Action,N/A
WOLFENSTEIN: THE NEW ORDER,PS4,79,81,General,N/A
WOLFENSTEIN: THE OLD BLOOD,PS4,76,78,Action,No Online Multiplayer
WOLFENSTEIN 2: THE NEW COLOSSUS,PS4,87,72,Action,No Online Multiplayer
WORLD TO THE WEST,PS4,73,57,Action Adventure,N/A
WRC 5 FIA WORLD RALLY CHAMPIONSHIP,PS4,62,62,Racing,Up to 8 
WUPPO,PS4,70,71,Action,No Online Multiplayer
WWE 2K18,PS4,66,54,Sports,Up to 6 
WAKEBOARDING HD,PS3,63,68,Sports,1-2 
WARRIORS OROCHI 3,PS3,70,79,Action,2 
WARRIORS: LEGENDS OF TROY,PS3,44,73,Action,No Online Multiplayer
WET,PS3,70,65,Action,No Online Multiplayer
WHEN VIKINGS ATTACK!,PS3,73,68,Action,N/A
WHITE KNIGHT CHRONICLES,PS3,64,80,Role-Playing,Up to 4 
WHITE KNIGHT CHRONICLES 2,PS3,60,71,Role-Playing,Up to 6 
WOLFENSTEIN: THE NEW ORDER,PS3,-1,71,General,N/A
XCOM 2,PS4,87,73,Strategy,2 
X BLADES,PS3,50,63,Action,No Online Multiplayer
XCOM: ENEMY WITHIN,PS3,88,73,Sci-Fi,2 
YAMAYAMA,PS4,-1,-1,Miscellaneous,Up to 4 
YESTERDAY ORIGINS,PS4,73,61,Adventure,No Online Multiplayer
YAIBA: NINJA GAIDEN Z,PS3,43,44,Horror,N/A
YAKUZA 4,PS3,78,84,Action Adventure,No Online Multiplayer
YAKUZA 5,PS3,83,87,Modern,No Online Multiplayer
ZIGGURAT,PS4,80,70,Action,N/A
ZOMBIE VIKINGS,PS4,64,70,Action,Up to 4 
ZACK ZERO,PS3,60,73,Action,N/A
ZEN PINBALL 2,PS3,86,78,Action,N/A
ZENO CLASH 2,PS3,-1,-1,Action,1 Player
ZOMBIE TYCOON 2 - BRAINHOV'S REVENGE,PS3,63,59,Strategy,N/A
